region,datetime,carbon_intensity
DE,2026-07-31 18:00:00,468
DE,2026-07-31 19:00:00,500
DE,2026-07-31 20:00:00,519
DE,2026-07-31 21:00:00,540
DE,2026-07-31 22:00:00,553
DE,2026-07-31 23:00:00,558
DE,2026-08-01 00:00:00,554
DE,2026-08-01 01:00:00,544
DE,2026-08-01 02:00:00,537
DE,2026-08-01 03:00:00,516
DE,2026-08-01 04:00:00,482
DE,2026-08-01 05:00:00,457
DE,2026-08-01 06:00:00,402
DE,2026-08-01 07:00:00,310
DE,2026-08-01 08:00:00,232
DE,2026-08-01 09:00:00,176
DE,2026-08-01 10:00:00,149
DE,2026-08-01 11:00:00,141
DE,2026-08-01 12:00:00,140
DE,2026-08-01 13:00:00,144
DE,2026-08-01 14:00:00,164
DE,2026-08-01 15:00:00,228
DE,2026-08-01 16:00:00,305
DE,2026-08-01 17:00:00,388
DE,2026-08-01 18:00:00,417
DE,2026-08-01 19:00:00,431
DE,2026-08-01 20:00:00,439
DE,2026-08-01 21:00:00,445
DE,2026-08-01 22:00:00,449
DE,2026-08-01 23:00:00,437
DE,2026-08-02 00:00:00,432
DE,2026-08-02 01:00:00,425
DE,2026-08-02 02:00:00,425
DE,2026-08-02 03:00:00,424
DE,2026-08-02 04:00:00,401
DE,2026-08-02 05:00:00,355
DE,2026-08-02 06:00:00,285
DE,2026-08-02 07:00:00,213
DE,2026-08-02 08:00:00,161
DE,2026-08-02 09:00:00,142
DE,2026-08-02 10:00:00,137
DE,2026-08-02 11:00:00,138
DE,2026-08-02 12:00:00,142
DE,2026-08-02 13:00:00,151
DE,2026-08-02 14:00:00,180
DE,2026-08-02 15:00:00,260
DE,2026-08-02 16:00:00,329
DE,2026-08-02 17:00:00,369
FR,2026-07-31 18:00:00,42
FR,2026-07-31 19:00:00,41
FR,2026-07-31 20:00:00,42
FR,2026-07-31 21:00:00,43
FR,2026-07-31 22:00:00,43
FR,2026-07-31 23:00:00,36
FR,2026-08-01 00:00:00,29
FR,2026-08-01 01:00:00,30
FR,2026-08-01 02:00:00,31
FR,2026-08-01 03:00:00,32
FR,2026-08-01 04:00:00,31
FR,2026-08-01 05:00:00,32
FR,2026-08-01 06:00:00,27
FR,2026-08-01 07:00:00,19
FR,2026-08-01 08:00:00,19
FR,2026-08-01 09:00:00,20
FR,2026-08-01 10:00:00,21
FR,2026-08-01 11:00:00,21
FR,2026-08-01 12:00:00,21
FR,2026-08-01 13:00:00,22
FR,2026-08-01 14:00:00,22
FR,2026-08-01 15:00:00,23
FR,2026-08-01 16:00:00,23
FR,2026-08-01 17:00:00,30
FR,2026-08-01 18:00:00,33
FR,2026-08-01 19:00:00,31
FR,2026-08-01 20:00:00,31
FR,2026-08-01 21:00:00,31
FR,2026-08-01 22:00:00,27
FR,2026-08-01 23:00:00,23
FR,2026-08-02 00:00:00,24
FR,2026-08-02 01:00:00,24
FR,2026-08-02 02:00:00,22
FR,2026-08-02 03:00:00,23
FR,2026-08-02 04:00:00,24
FR,2026-08-02 05:00:00,25
FR,2026-08-02 06:00:00,23
FR,2026-08-02 07:00:00,21
FR,2026-08-02 08:00:00,22
FR,2026-08-02 09:00:00,24
FR,2026-08-02 10:00:00,25
FR,2026-08-02 11:00:00,26
FR,2026-08-02 12:00:00,25
FR,2026-08-02 13:00:00,24
FR,2026-08-02 14:00:00,23
FR,2026-08-02 15:00:00,25
FR,2026-08-02 16:00:00,31
FR,2026-08-02 17:00:00,37
GB,2026-07-31 18:00:00,231
GB,2026-07-31 19:00:00,258
GB,2026-07-31 20:00:00,265
GB,2026-07-31 21:00:00,248
GB,2026-07-31 22:00:00,239
GB,2026-07-31 23:00:00,231
GB,2026-08-01 00:00:00,222
GB,2026-08-01 01:00:00,191
GB,2026-08-01 02:00:00,170
GB,2026-08-01 03:00:00,163
GB,2026-08-01 04:00:00,164
GB,2026-08-01 05:00:00,154
GB,2026-08-01 06:00:00,141
GB,2026-08-01 07:00:00,114
GB,2026-08-01 08:00:00,91
GB,2026-08-01 09:00:00,87
GB,2026-08-01 10:00:00,86
GB,2026-08-01 11:00:00,80
GB,2026-08-01 12:00:00,81
GB,2026-08-01 13:00:00,82
GB,2026-08-01 14:00:00,81
GB,2026-08-01 15:00:00,91
GB,2026-08-01 16:00:00,119
GB,2026-08-01 17:00:00,152
GB,2026-08-01 18:00:00,223
GB,2026-08-01 19:00:00,235
GB,2026-08-01 20:00:00,223
GB,2026-08-01 21:00:00,224
GB,2026-08-01 22:00:00,206
GB,2026-08-01 23:00:00,186
GB,2026-08-02 00:00:00,185
GB,2026-08-02 01:00:00,190
GB,2026-08-02 02:00:00,187
GB,2026-08-02 03:00:00,188
GB,2026-08-02 04:00:00,190
GB,2026-08-02 05:00:00,176
GB,2026-08-02 06:00:00,174
GB,2026-08-02 07:00:00,163
GB,2026-08-02 08:00:00,147
GB,2026-08-02 09:00:00,127
GB,2026-08-02 10:00:00,122
GB,2026-08-02 11:00:00,119
GB,2026-08-02 12:00:00,116
GB,2026-08-02 13:00:00,120
GB,2026-08-02 14:00:00,138
GB,2026-08-02 15:00:00,161
GB,2026-08-02 16:00:00,202
GB,2026-08-02 17:00:00,240
IN-EA,2026-07-31 18:00:00,768
IN-EA,2026-07-31 19:00:00,768
IN-EA,2026-07-31 20:00:00,768
IN-EA,2026-07-31 21:00:00,769
IN-EA,2026-07-31 22:00:00,769
IN-EA,2026-07-31 23:00:00,769
IN-EA,2026-08-01 00:00:00,773
IN-EA,2026-08-01 01:00:00,771
IN-EA,2026-08-01 02:00:00,767
IN-EA,2026-08-01 03:00:00,761
IN-EA,2026-08-01 04:00:00,757
IN-EA,2026-08-01 05:00:00,756
IN-EA,2026-08-01 06:00:00,755
IN-EA,2026-08-01 07:00:00,755
IN-EA,2026-08-01 08:00:00,756
IN-EA,2026-08-01 09:00:00,759
IN-EA,2026-08-01 10:00:00,763
IN-EA,2026-08-01 11:00:00,766
IN-EA,2026-08-01 12:00:00,769
IN-EA,2026-08-01 13:00:00,769
IN-EA,2026-08-01 14:00:00,766
IN-EA,2026-08-01 15:00:00,766
IN-EA,2026-08-01 16:00:00,766
IN-EA,2026-08-01 17:00:00,766
IN-EA,2026-08-01 18:00:00,734
IN-EA,2026-08-01 19:00:00,738
IN-EA,2026-08-01 20:00:00,747
IN-EA,2026-08-01 21:00:00,748
IN-EA,2026-08-01 22:00:00,749
IN-EA,2026-08-01 23:00:00,750
IN-EA,2026-08-02 00:00:00,743
IN-EA,2026-08-02 01:00:00,741
IN-EA,2026-08-02 02:00:00,743
IN-EA,2026-08-02 03:00:00,735
IN-EA,2026-08-02 04:00:00,728
IN-EA,2026-08-02 05:00:00,724
IN-EA,2026-08-02 06:00:00,719
IN-EA,2026-08-02 07:00:00,718
IN-EA,2026-08-02 08:00:00,720
IN-EA,2026-08-02 09:00:00,724
IN-EA,2026-08-02 10:00:00,727
IN-EA,2026-08-02 11:00:00,734
IN-EA,2026-08-02 12:00:00,741
IN-EA,2026-08-02 13:00:00,736
IN-EA,2026-08-02 14:00:00,729
IN-EA,2026-08-02 15:00:00,731
IN-EA,2026-08-02 16:00:00,731
IN-EA,2026-08-02 17:00:00,731
IN-NO,2026-07-31 18:00:00,529
IN-NO,2026-07-31 19:00:00,528
IN-NO,2026-07-31 20:00:00,530
IN-NO,2026-07-31 21:00:00,532
IN-NO,2026-07-31 22:00:00,531
IN-NO,2026-07-31 23:00:00,532
IN-NO,2026-08-01 00:00:00,552
IN-NO,2026-08-01 01:00:00,521
IN-NO,2026-08-01 02:00:00,460
IN-NO,2026-08-01 03:00:00,400
IN-NO,2026-08-01 04:00:00,366
IN-NO,2026-08-01 05:00:00,350
IN-NO,2026-08-01 06:00:00,343
IN-NO,2026-08-01 07:00:00,342
IN-NO,2026-08-01 08:00:00,349
IN-NO,2026-08-01 09:00:00,370
IN-NO,2026-08-01 10:00:00,398
IN-NO,2026-08-01 11:00:00,434
IN-NO,2026-08-01 12:00:00,481
IN-NO,2026-08-01 13:00:00,517
IN-NO,2026-08-01 14:00:00,524
IN-NO,2026-08-01 15:00:00,525
IN-NO,2026-08-01 16:00:00,525
IN-NO,2026-08-01 17:00:00,526
IN-NO,2026-08-01 18:00:00,547
IN-NO,2026-08-01 19:00:00,546
IN-NO,2026-08-01 20:00:00,548
IN-NO,2026-08-01 21:00:00,549
IN-NO,2026-08-01 22:00:00,550
IN-NO,2026-08-01 23:00:00,554
IN-NO,2026-08-02 00:00:00,548
IN-NO,2026-08-02 01:00:00,527
IN-NO,2026-08-02 02:00:00,466
IN-NO,2026-08-02 03:00:00,397
IN-NO,2026-08-02 04:00:00,357
IN-NO,2026-08-02 05:00:00,346
IN-NO,2026-08-02 06:00:00,341
IN-NO,2026-08-02 07:00:00,344
IN-NO,2026-08-02 08:00:00,347
IN-NO,2026-08-02 09:00:00,353
IN-NO,2026-08-02 10:00:00,377
IN-NO,2026-08-02 11:00:00,415
IN-NO,2026-08-02 12:00:00,472
IN-NO,2026-08-02 13:00:00,518
IN-NO,2026-08-02 14:00:00,533
IN-NO,2026-08-02 15:00:00,540
IN-NO,2026-08-02 16:00:00,541
IN-NO,2026-08-02 17:00:00,542
IN-SO,2026-07-31 18:00:00,510
IN-SO,2026-07-31 19:00:00,509
IN-SO,2026-07-31 20:00:00,508
IN-SO,2026-07-31 21:00:00,508
IN-SO,2026-07-31 22:00:00,509
IN-SO,2026-07-31 23:00:00,514
IN-SO,2026-08-01 00:00:00,548
IN-SO,2026-08-01 01:00:00,528
IN-SO,2026-08-01 02:00:00,470
IN-SO,2026-08-01 03:00:00,409
IN-SO,2026-08-01 04:00:00,377
IN-SO,2026-08-01 05:00:00,360
IN-SO,2026-08-01 06:00:00,354
IN-SO,2026-08-01 07:00:00,353
IN-SO,2026-08-01 08:00:00,359
IN-SO,2026-08-01 09:00:00,375
IN-SO,2026-08-01 10:00:00,397
IN-SO,2026-08-01 11:00:00,424
IN-SO,2026-08-01 12:00:00,462
IN-SO,2026-08-01 13:00:00,500
IN-SO,2026-08-01 14:00:00,518
IN-SO,2026-08-01 15:00:00,523
IN-SO,2026-08-01 16:00:00,527
IN-SO,2026-08-01 17:00:00,531
IN-SO,2026-08-01 18:00:00,513
IN-SO,2026-08-01 19:00:00,518
IN-SO,2026-08-01 20:00:00,525
IN-SO,2026-08-01 21:00:00,530
IN-SO,2026-08-01 22:00:00,530
IN-SO,2026-08-01 23:00:00,533
IN-SO,2026-08-02 00:00:00,534
IN-SO,2026-08-02 01:00:00,522
IN-SO,2026-08-02 02:00:00,469
IN-SO,2026-08-02 03:00:00,396
IN-SO,2026-08-02 04:00:00,350
IN-SO,2026-08-02 05:00:00,335
IN-SO,2026-08-02 06:00:00,326
IN-SO,2026-08-02 07:00:00,320
IN-SO,2026-08-02 08:00:00,325
IN-SO,2026-08-02 09:00:00,330
IN-SO,2026-08-02 10:00:00,341
IN-SO,2026-08-02 11:00:00,395
IN-SO,2026-08-02 12:00:00,454
IN-SO,2026-08-02 13:00:00,497
IN-SO,2026-08-02 14:00:00,509
IN-SO,2026-08-02 15:00:00,514
IN-SO,2026-08-02 16:00:00,521
IN-SO,2026-08-02 17:00:00,527
IN-WE,2026-07-31 18:00:00,680
IN-WE,2026-07-31 19:00:00,679
IN-WE,2026-07-31 20:00:00,679
IN-WE,2026-07-31 21:00:00,680
IN-WE,2026-07-31 22:00:00,681
IN-WE,2026-07-31 23:00:00,685
IN-WE,2026-08-01 00:00:00,703
IN-WE,2026-08-01 01:00:00,683
IN-WE,2026-08-01 02:00:00,624
IN-WE,2026-08-01 03:00:00,559
IN-WE,2026-08-01 04:00:00,522
IN-WE,2026-08-01 05:00:00,503
IN-WE,2026-08-01 06:00:00,495
IN-WE,2026-08-01 07:00:00,495
IN-WE,2026-08-01 08:00:00,502
IN-WE,2026-08-01 09:00:00,521
IN-WE,2026-08-01 10:00:00,546
IN-WE,2026-08-01 11:00:00,578
IN-WE,2026-08-01 12:00:00,620
IN-WE,2026-08-01 13:00:00,659
IN-WE,2026-08-01 14:00:00,677
IN-WE,2026-08-01 15:00:00,681
IN-WE,2026-08-01 16:00:00,684
IN-WE,2026-08-01 17:00:00,687
IN-WE,2026-08-01 18:00:00,678
IN-WE,2026-08-01 19:00:00,678
IN-WE,2026-08-01 20:00:00,677
IN-WE,2026-08-01 21:00:00,678
IN-WE,2026-08-01 22:00:00,679
IN-WE,2026-08-01 23:00:00,678
IN-WE,2026-08-02 00:00:00,677
IN-WE,2026-08-02 01:00:00,665
IN-WE,2026-08-02 02:00:00,626
IN-WE,2026-08-02 03:00:00,588
IN-WE,2026-08-02 04:00:00,553
IN-WE,2026-08-02 05:00:00,523
IN-WE,2026-08-02 06:00:00,507
IN-WE,2026-08-02 07:00:00,505
IN-WE,2026-08-02 08:00:00,508
IN-WE,2026-08-02 09:00:00,514
IN-WE,2026-08-02 10:00:00,533
IN-WE,2026-08-02 11:00:00,554
IN-WE,2026-08-02 12:00:00,603
IN-WE,2026-08-02 13:00:00,648
IN-WE,2026-08-02 14:00:00,663
IN-WE,2026-08-02 15:00:00,666
IN-WE,2026-08-02 16:00:00,666
IN-WE,2026-08-02 17:00:00,667
US-CAL-CISO,2026-07-31 18:00:00,145
US-CAL-CISO,2026-07-31 19:00:00,150
US-CAL-CISO,2026-07-31 20:00:00,160
US-CAL-CISO,2026-07-31 21:00:00,165
US-CAL-CISO,2026-07-31 22:00:00,182
US-CAL-CISO,2026-07-31 23:00:00,194
US-CAL-CISO,2026-08-01 00:00:00,200
US-CAL-CISO,2026-08-01 01:00:00,217
US-CAL-CISO,2026-08-01 02:00:00,250
US-CAL-CISO,2026-08-01 03:00:00,255
US-CAL-CISO,2026-08-01 04:00:00,253
US-CAL-CISO,2026-08-01 05:00:00,272
US-CAL-CISO,2026-08-01 06:00:00,282
US-CAL-CISO,2026-08-01 07:00:00,298
US-CAL-CISO,2026-08-01 08:00:00,300
US-CAL-CISO,2026-08-01 09:00:00,293
US-CAL-CISO,2026-08-01 10:00:00,295
US-CAL-CISO,2026-08-01 11:00:00,298
US-CAL-CISO,2026-08-01 12:00:00,306
US-CAL-CISO,2026-08-01 13:00:00,272
US-CAL-CISO,2026-08-01 14:00:00,161
US-CAL-CISO,2026-08-01 15:00:00,121
US-CAL-CISO,2026-08-01 16:00:00,122
US-CAL-CISO,2026-08-01 17:00:00,138
US-CAL-CISO,2026-08-01 18:00:00,126
US-CAL-CISO,2026-08-01 19:00:00,131
US-CAL-CISO,2026-08-01 20:00:00,137
US-CAL-CISO,2026-08-01 21:00:00,140
US-CAL-CISO,2026-08-01 22:00:00,159
US-CAL-CISO,2026-08-01 23:00:00,174
US-CAL-CISO,2026-08-02 00:00:00,186
US-CAL-CISO,2026-08-02 01:00:00,206
US-CAL-CISO,2026-08-02 02:00:00,238
US-CAL-CISO,2026-08-02 03:00:00,251
US-CAL-CISO,2026-08-02 04:00:00,244
US-CAL-CISO,2026-08-02 05:00:00,255
US-CAL-CISO,2026-08-02 06:00:00,272
US-CAL-CISO,2026-08-02 07:00:00,282
US-CAL-CISO,2026-08-02 08:00:00,284
US-CAL-CISO,2026-08-02 09:00:00,275
US-CAL-CISO,2026-08-02 10:00:00,273
US-CAL-CISO,2026-08-02 11:00:00,271
US-CAL-CISO,2026-08-02 12:00:00,274
US-CAL-CISO,2026-08-02 13:00:00,253
US-CAL-CISO,2026-08-02 14:00:00,154
US-CAL-CISO,2026-08-02 15:00:00,118
US-CAL-CISO,2026-08-02 16:00:00,101
US-CAL-CISO,2026-08-02 17:00:00,109
