datetime,region,carbon_intensity
2026-08-01 00:00:00,IN-WE,685.4
2026-08-01 01:00:00,IN-WE,677.9
2026-08-01 02:00:00,IN-WE,687.7
2026-08-01 03:00:00,IN-WE,694.8
2026-08-01 04:00:00,IN-WE,658.9
2026-08-01 05:00:00,IN-WE,646.5
2026-08-01 06:00:00,IN-WE,659.2
2026-08-01 07:00:00,IN-WE,631.5
2026-08-01 08:00:00,IN-WE,597.4
2026-08-01 09:00:00,IN-WE,598.1
2026-08-01 10:00:00,IN-WE,570.6
2026-08-01 11:00:00,IN-WE,561.1
2026-08-01 12:00:00,IN-WE,565.7
2026-08-01 13:00:00,IN-WE,531.3
2026-08-01 14:00:00,IN-WE,536.2
2026-08-01 15:00:00,IN-WE,559.6
2026-08-01 16:00:00,IN-WE,562.4
2026-08-01 17:00:00,IN-WE,594.7
2026-08-01 18:00:00,IN-WE,590.9
2026-08-01 19:00:00,IN-WE,598.8
2026-08-01 20:00:00,IN-WE,657.5
2026-08-01 21:00:00,IN-WE,646.6
2026-08-01 22:00:00,IN-WE,663.4
2026-08-01 23:00:00,IN-WE,650.6
2026-08-02 00:00:00,IN-WE,669.8
2026-08-02 01:00:00,IN-WE,681.7
2026-08-02 02:00:00,IN-WE,660.7
2026-08-02 03:00:00,IN-WE,677.6
2026-08-02 04:00:00,IN-WE,653.4
2026-08-02 05:00:00,IN-WE,645.6
2026-08-02 06:00:00,IN-WE,626.5
2026-08-02 07:00:00,IN-WE,647.8
2026-08-02 08:00:00,IN-WE,604.3
2026-08-02 09:00:00,IN-WE,574.1
2026-08-02 10:00:00,IN-WE,589.9
2026-08-02 11:00:00,IN-WE,549.7
2026-08-02 12:00:00,IN-WE,565.2
2026-08-02 13:00:00,IN-WE,530.6
2026-08-02 14:00:00,IN-WE,542.1
2026-08-02 15:00:00,IN-WE,571.0
2026-08-02 16:00:00,IN-WE,588.7
2026-08-02 17:00:00,IN-WE,592.6
2026-08-02 18:00:00,IN-WE,602.7
2026-08-02 19:00:00,IN-WE,615.5
2026-08-02 20:00:00,IN-WE,613.4
2026-08-02 21:00:00,IN-WE,639.2
2026-08-02 22:00:00,IN-WE,655.5
2026-08-02 23:00:00,IN-WE,687.8
2026-08-01 00:00:00,FR,95.8
2026-08-01 01:00:00,FR,75.9
2026-08-01 02:00:00,FR,95.7
2026-08-01 03:00:00,FR,99.0
2026-08-01 04:00:00,FR,110.9
2026-08-01 05:00:00,FR,139.9
2026-08-01 06:00:00,FR,165.0
2026-08-01 07:00:00,FR,187.5
2026-08-01 08:00:00,FR,196.6
2026-08-01 09:00:00,FR,222.5
2026-08-01 10:00:00,FR,246.3
2026-08-01 11:00:00,FR,265.7
2026-08-01 12:00:00,FR,263.1
2026-08-01 13:00:00,FR,268.5
2026-08-01 14:00:00,FR,258.1
2026-08-01 15:00:00,FR,248.4
2026-08-01 16:00:00,FR,250.1
2026-08-01 17:00:00,FR,235.8
2026-08-01 18:00:00,FR,202.7
2026-08-01 19:00:00,FR,188.0
2026-08-01 20:00:00,FR,159.6
2026-08-01 21:00:00,FR,129.8
2026-08-01 22:00:00,FR,119.3
2026-08-01 23:00:00,FR,114.4
2026-08-02 00:00:00,FR,92.8
2026-08-02 01:00:00,FR,102.5
2026-08-02 02:00:00,FR,72.1
2026-08-02 03:00:00,FR,108.6
2026-08-02 04:00:00,FR,117.1
2026-08-02 05:00:00,FR,132.6
2026-08-02 06:00:00,FR,157.4
2026-08-02 07:00:00,FR,164.1
2026-08-02 08:00:00,FR,201.5
2026-08-02 09:00:00,FR,227.9
2026-08-02 10:00:00,FR,255.5
2026-08-02 11:00:00,FR,253.8
2026-08-02 12:00:00,FR,260.5
2026-08-02 13:00:00,FR,266.0
2026-08-02 14:00:00,FR,274.3
2026-08-02 15:00:00,FR,260.6
2026-08-02 16:00:00,FR,239.4
2026-08-02 17:00:00,FR,229.1
2026-08-02 18:00:00,FR,204.1
2026-08-02 19:00:00,FR,187.7
2026-08-02 20:00:00,FR,151.1
2026-08-02 21:00:00,FR,132.4
2026-08-02 22:00:00,FR,113.2
2026-08-02 23:00:00,FR,90.3
2026-08-01 00:00:00,GB,273.5
2026-08-01 01:00:00,GB,262.0
2026-08-01 02:00:00,GB,252.4
2026-08-01 03:00:00,GB,247.7
2026-08-01 04:00:00,GB,238.2
2026-08-01 05:00:00,GB,255.2
2026-08-01 06:00:00,GB,267.1
2026-08-01 07:00:00,GB,277.0
2026-08-01 08:00:00,GB,300.3
2026-08-01 09:00:00,GB,324.0
2026-08-01 10:00:00,GB,357.0
2026-08-01 11:00:00,GB,356.7
2026-08-01 12:00:00,GB,372.1
2026-08-01 13:00:00,GB,379.9
2026-08-01 14:00:00,GB,368.4
2026-08-01 15:00:00,GB,389.7
2026-08-01 16:00:00,GB,388.2
2026-08-01 17:00:00,GB,405.3
2026-08-01 18:00:00,GB,367.6
2026-08-01 19:00:00,GB,358.0
2026-08-01 20:00:00,GB,337.8
2026-08-01 21:00:00,GB,308.3
2026-08-01 22:00:00,GB,313.3
2026-08-01 23:00:00,GB,292.5
2026-08-02 00:00:00,GB,278.4
2026-08-02 01:00:00,GB,250.3
2026-08-02 02:00:00,GB,266.4
2026-08-02 03:00:00,GB,236.0
2026-08-02 04:00:00,GB,258.3
2026-08-02 05:00:00,GB,281.3
2026-08-02 06:00:00,GB,260.6
2026-08-02 07:00:00,GB,279.3
2026-08-02 08:00:00,GB,302.9
2026-08-02 09:00:00,GB,315.0
2026-08-02 10:00:00,GB,322.6
2026-08-02 11:00:00,GB,355.7
2026-08-02 12:00:00,GB,358.9
2026-08-02 13:00:00,GB,385.4
2026-08-02 14:00:00,GB,378.4
2026-08-02 15:00:00,GB,405.5
2026-08-02 16:00:00,GB,379.8
2026-08-02 17:00:00,GB,377.4
2026-08-02 18:00:00,GB,377.6
2026-08-02 19:00:00,GB,342.7
2026-08-02 20:00:00,GB,340.4
2026-08-02 21:00:00,GB,333.1
2026-08-02 22:00:00,GB,285.8
2026-08-02 23:00:00,GB,286.8
